Div,Date,Time,HomeTeam,AwayTeam,FTHG,FTAG,FTR,HTHG,HTAG,HTR,HxG,AxG,B365H,B365D,B365A
SP1,15/08/2026,18:30,Alaves,Getafe,3,0,H,,,,,,2.35,2.8,3.75
SP1,15/08/2026,20:30,Sevilla,Vallecano,2,1,H,,,,,,2.3,3.1,3.4
SP1,16/08/2026,16:00,Santander,Villarreal,2,2,D,,,,,,3.2,3.6,2.15
SP1,16/08/2026,18:00,Espanol,Levante,3,0,H,,,,,,2,3.25,4
SP1,17/08/2026,20:00,La Coruna,Elche,1,1,D,,,,,,2.3,3,3.5
SP1,19/08/2026,20:00,Ath Madrid,Malaga,2,0,H,,,,,,1.33,5.25,9.5
SP1,20/08/2026,20:00,Vallecano,Alaves,1,1,D,,,,,,2.25,3,3.6
SP1,21/08/2026,20:00,Betis,Sociedad,1,0,H,,,,,,2.05,3.5,3.5
SP1,22/08/2026,16:00,Ath Bilbao,Sevilla,1,3,A,,,,,,1.7,3.6,5.25
SP1,22/08/2026,18:30,Valencia,Celta,0,0,D,,,,,,2.35,3.2,3.2
SP1,22/08/2026,20:30,Espanol,Real Madrid,1,2,A,,,,,,7,4.5,1.44
SP1,23/08/2026,16:00,Ath Madrid,Villarreal,2,2,D,,,,,,1.85,3.6,4.1
SP1,23/08/2026,18:30,Getafe,Santander,1,0,H,,,,,,2.2,2.9,3.9
SP1,23/08/2026,20:30,Elche,Barcelona,0,5,A,,,,,,9,5.75,1.3
SP1,24/08/2026,18:30,Osasuna,Levante,0,0,D,,,,,,1.83,3.6,4.33
SP1,24/08/2026,20:30,Malaga,La Coruna,1,1,D,,,,,,2.5,3.1,3.1
SP1,25/08/2026,20:00,Valencia,Betis,0,1,A,,,,,,2.8,3.3,2.55
SP1,26/08/2026,20:00,Real Madrid,Sociedad,4,1,H,,,,,,1.3,6.25,8
SP1,27/08/2026,19:30,Celta,Osasuna,1,2,A,,,,,,2,3.3,4
SP1,27/08/2026,20:00,Barcelona,Ath Bilbao,2,0,H,,,,,,1.33,5.25,8
SP1,28/08/2026,18:00,Santander,Elche,3,2,H,,,,,,2,3.6,3.6
SP1,28/08/2026,20:30,Alaves,Villarreal,1,0,H,,,,,,3.2,3.5,2.2
SP1,29/08/2026,16:00,Levante,Betis,5,2,H,,,,,,3.4,3.3,2.2
SP1,29/08/2026,18:00,Sociedad,Espanol,2,1,H,,,,,,1.91,3.6,4
SP1,29/08/2026,20:30,Sevilla,Ath Madrid,1,3,A,,,,,,3.6,3.3,2.1
SP1,30/08/2026,16:00,Real Madrid,Malaga,4,0,H,,,,,,1.11,9,21
SP1,30/08/2026,18:30,La Coruna,Valencia,3,1,H,,,,,,2.55,3,3.1
SP1,30/08/2026,20:30,Celta,Ath Bilbao,0,2,A,,,,,,2.38,3.2,3.1
SP1,31/08/2026,18:30,Osasuna,Getafe,1,0,H,,,,,,2.2,3,3.75
SP1,31/08/2026,20:30,Barcelona,Vallecano,5,2,H,,,,,,1.17,8,13
SP1,03/09/2026,20:00,Sociedad,Celta,0,0,D,,,,,,1.95,3.6,3.8
SP1,04/09/2026,20:00,Betis,Real Madrid,1,0,H,,,,,,7,5.25,1.38
SP1,05/09/2026,15:15,Ath Bilbao,Ath Madrid,3,0,H,,,,,,3.1,3.3,2.3
SP1,05/09/2026,17:30,Vallecano,Santander,3,2,H,,,,,,2.25,3.25,3.3
SP1,05/09/2026,20:00,Villarreal,La Coruna,2,3,A,,,,,,1.5,4.2,6.5
SP1,06/09/2026,15:15,Valencia,Barcelona,0,5,A,,,,,,10,5.75,1.29
SP1,06/09/2026,17:30,Alaves,Osasuna,5,2,H,,,,,,2.25,3.1,3.5
SP1,06/09/2026,17:30,Malaga,Levante,0,0,D,,,,,,2.38,3.25,3
SP1,06/09/2026,20:00,Espanol,Sevilla,1,1,D,,,,,,2.3,3.1,3.4
SP1,07/09/2026,18:00,Getafe,Celta,1,1,D,,,,,,2.4,2.9,3.4
SP1,07/09/2026,20:30,Elche,Sociedad,2,3,A,,,,,,3.1,3.25,2.38
SP1,11/09/2026,20:00,Sevilla,Valencia,1,0,H,,,,,,1.95,3.4,4
SP1,12/09/2026,13:00,Santander,Alaves,2,1,H,,,,,,2.45,3.5,2.75
SP1,12/09/2026,15:15,Osasuna,Espanol,0,2,A,,,,,,2.15,3.1,3.75
SP1,12/09/2026,17:30,Ath Bilbao,Elche,1,1,D,,,,,,1.4,4.75,7.5
SP1,12/09/2026,20:00,Real Madrid,Vallecano,4,1,H,,,,,,1.13,9.5,19
SP1,13/09/2026,13:00,Celta,Malaga,1,1,D,,,,,,1.7,3.7,5.25
SP1,13/09/2026,15:15,Levante,Barcelona,2,4,A,,,,,,17,8,1.14
SP1,13/09/2026,17:30,Getafe,La Coruna,1,1,D,,,,,,2.4,2.9,3.4
SP1,13/09/2026,20:00,Sociedad,Ath Madrid,0,3,A,,,,,,2.8,3.5,2.38
SP1,14/09/2026,20:00,Villarreal,Betis,1,2,A,,,,,,1.91,4,3.6
SP1,15/09/2026,18:00,Vallecano,Espanol,2,1,H,,,,,,2.3,3.3,3.1
SP1,15/09/2026,19:00,Alaves,Valencia,0,1,A,,,,,,1.7,3.5,5.5
SP1,15/09/2026,20:30,Elche,Real Madrid,2,3,A,,,,,,12,7.5,1.2
SP1,16/09/2026,18:00,Ath Madrid,Osasuna,4,0,H,,,,,,1.38,4.75,8.5
SP1,16/09/2026,18:00,La Coruna,Sevilla,0,1,A,,,,,,2.4,3.25,3
SP1,16/09/2026,20:30,Barcelona,Santander,7,2,H,,,,,,1.06,14,23
SP1,17/09/2026,18:00,Betis,Getafe,1,0,H,,,,,,1.57,4,5.75
SP1,17/09/2026,20:30,Malaga,Villarreal,1,3,A,,,,,,3.6,3.7,1.95
SP1,18/09/2026,20:00,Espanol,Elche,1,3,A,,,,,,1.8,3.5,4.5
SP1,19/09/2026,13:00,Osasuna,Vallecano,1,1,D,,,,,,2.38,3.3,3
SP1,19/09/2026,15:15,Ath Bilbao,Alaves,0,0,D,,,,,,1.62,4,5.25
SP1,19/09/2026,17:30,Celta,Santander,5,0,H,,,,,,1.8,3.8,4.2
SP1,19/09/2026,20:00,Sevilla,Barcelona,1,3,A,,,,,,11,7.5,1.2
SP1,20/09/2026,13:00,Getafe,Malaga,1,0,H,,,,,,2,3.1,4.2
SP1,20/09/2026,15:15,Ath Madrid,Real Madrid,2,1,H,,,,,,3.6,3.8,1.95
SP1,20/09/2026,17:30,La Coruna,Betis,1,1,D,,,,,,3.4,3.75,2.05
SP1,20/09/2026,17:30,Villarreal,Levante,3,1,H,,,,,,1.5,4.75,5.5
SP1,20/09/2026,20:00,Valencia,Sociedad,2,3,A,,,,,,2.7,3.4,2.6
SP1,22/09/2026,19:45,Espanol,Valencia,,,,,,,,,1.73,3.7,3.49
SP1,23/09/2026,16:15,Alaves,Real Madrid,,,,,,,,,3.49,5.71,1.48
SP1,24/09/2026,19:45,La Coruna,Vallecano,,,,,,,,,3.44,4.33,1.63
SP1,22/09/2026,16:15,Sociedad,Barcelona,,,,,,,,,2.48,4.82,1.9
SP1,23/09/2026,19:45,Sevilla,Levante,,,,,,,,,2.48,3.98,2.08
SP1,24/09/2026,16:15,Elche,Ath Madrid,,,,,,,,,1.53,4.87,3.6
SP1,22/09/2026,19:45,Malaga,Osasuna,,,,,,,,,3.0,3.05,2.1
SP1,23/09/2026,16:15,Betis,Celta,,,,,,,,,1.72,4.68,2.93
SP1,24/09/2026,19:45,Ath Bilbao,Santander,,,,,,,,,5.72,4.87,1.32
SP1,22/09/2026,16:15,Getafe,Villarreal,,,,,,,,,6.3,5.42,1.26
